rarnold0,N1QsCK7TKB7G,dwarren0@unc.edu,false
bpalmer1,qLp7dPuwj,bshaw1@apache.org,true
dpalmer2,uZlsWg,jpierce2@mac.com,true
ebanks3,E0doupRifb,jperez3@hubpages.com,false
ayoung4,VoXfdQ,kmatthews4@wikispaces.com,true
wbennett5,X3Qjx3I1C4k,rsimpson5@usatoday.com,false
amorales6,EQlVQkO,jtorres6@noaa.gov,false
gmedina7,noCR7ZwM,lmccoy7@blogspot.com,true
tgardner8,9R9XHnLReK,mweaver8@senate.gov,false
slewis9,8qRmMo4k,aduncan9@abc.net.au,true
jmartineza,VqIatGl,gsimpsona@tripadvisor.com,false
jcoleb,L4JjtZSiw,ccampbellb@issuu.com,true
kharperc,4Gdky3SG,bhenryc@google.co.jp,false
kfrazierd,XFnJgY8ffUGV,wduncand@php.net,true
dandersone,Rw2y0mMNcp8j,rrileye@biglobe.ne.jp,true
swelchf,zf4Hw3Iizcg1,jsimsf@spotify.com,true
ematthewsg,oRZ0DzfhB,bbishopg@blogtalkradio.com,true
kwoodh,0cVCpM4Z2GVy,jlawrenceh@aol.com,false
jmoralesi,Fwm2KLyRC,wcolemani@dot.gov,true
rmorrisj,3jFLHPRB,calvarezj@pinterest.com,false
lrodriguezk,Lktpi1sD,jharperk@boston.com,true
lrayl,SE3N4L,jmillsl@istockphoto.com,true
jbennettm,fBPSqLz,sscottm@amazon.co.uk,true
bgardnern,uPYmy2QYN,dduncann@google.es,false
vrayo,OwAutoI,jramoso@squidoo.com,true
akimp,TfwxMTER,wharperp@cisco.com,false
jhunterq,tB0C11orR,jpierceq@goodreads.com,true
jriverar,FNx8c3XGp6aC,doliverr@altervista.org,true
cfishers,kdF6G2W,jhickss@independent.co.uk,true
afordt,g2LPDtnntG,gwhitet@ucsd.edu,true
jhansenu,q8GYPa,wburkeu@nationalgeographic.com,true
llawsonv,QVqdsZCOT,jmartinezv@narod.ru,true
asimpsonw,Vws6PUdIc,dsandersw@eventbrite.com,false
tdavisx,1Lk2TSzfMkmT,swestx@archive.org,false
fgeorgey,tofB0qIVzI9I,jjordany@netscape.com,true
phowardz,Km62euvWnf,wcunninghamz@japanpost.jp,false
gcarpenter10,wz5hQoi,twatkins10@time.com,true
mharris11,NGu6GMAOwn9,rgardner11@buzzfeed.com,true
rreynolds12,G4ODDIpcTs,trice12@squidoo.com,true
agordon13,mgLysAvT,driley13@dropbox.com,false
galvarez14,UW3NKK,bhansen14@seattletimes.com,true
jfranklin15,hgJ6zkV9IyEn,ntorres15@miibeian.gov.cn,false
eramirez16,RsmE4E,jholmes16@loc.gov,false
lrogers17,RKgfoDf7,aharvey17@patch.com,false
lclark18,iivsMG0,jcarr18@pagesperso-orange.fr,false
kgriffin19,yDgPLBz,areyes19@google.com.au,true
aknight1a,pq82TYKeNq,jstanley1a@dedecms.com,true
redwards1b,Qri4uvfC9,preynolds1b@nhs.uk,true
elane1c,Mtu7hQ6trb3J,drice1c@geocities.jp,false
bmills1d,8xPrY2S,dsimmons1d@yolasite.com,true
